EVE,DATE,LOC,HOUR
定山源泉公園,源泉に親しめる定山渓名所が2017年7月にリニューアル！,札幌市南区定山渓温泉東3丁目,定休日／無休営業時間／7：00～21：00
白糸の滝,初夏から秋まで、自然と共に様々な表情を見せてくれる小さな滝,札幌市南区定山渓温泉東2丁目,12月～4月上旬は休止（定山渓発電所冬期渇水停止のため）
札幌ら～めん共和国,厳選の北海道ラーメンが集結！どれを選んでも間違いなし！,北海道札幌市中央区北5条西2丁目エスタ10階,年中無休11:00～22:00（ラストオーダー21:45）※年末年始は営業時間が変更になる場合もあります。
ノースサファリサッポロ,70種類以上の動物と触れ合えたり、エサをあげることができる動物園。お子さまに大人気のカピバラやウサギ、カワウソなども！,札幌市南区豊滝496-1,(ノースサファリサッポロ営業案内)動物園は2018年1月6日～1月21日毎日営業、以降4月1日まで土日祝日のみ営業アクティビティは3月21日まで毎日営業4月2日～4月24日メンテナンスの為休園4月28日～夏季営業開始※詳細はＨＰをご確認ください
スノーベリーファーム,おいしいイチゴが食べ放題！完熟イチゴのもぎたての味わいを満喫しよう,札幌市南区豊滝130,営業時間：9：00～16：00(受付～15：00)定休日：月・火・水・木・金(季節によって平日も営業しています)
札幌観光幌馬車,30年余年、札幌市民に愛されてきた銀太くんの幌馬車で、のんびり名所観光,札幌市中央区大通4丁目乗り場,運行期間：4月末～11月3日(雨天中止)水曜日10：00～16：00、9月～11月は15：00まで昼休み12：00～13：00　　
サッポロ さとらんど　(農業体験交流施設),自然と農業に触れる、楽しい・おいしい“田園テーマパーク”,札幌市東区丘珠町584-2,営業期間：4月29日～11月3日／無休、11月4日～4月28日／月曜(祝日の場合はその翌日)、年末年始(12月29～1月3日)営業時間：4月29日～9月30日／9:00～18:00、10月1日～4月28日／9:00～17:00　
札幌市天文台,天文台の一般夜間公開で星座や惑星を観る。天文に詳しくなくても大丈夫,札幌市中央区中島公園1-17,公開時間：10：00～12：00、14：00～16：00休館日：月曜、火曜午後、祝日の翌日、年末年始夜間公開：20：00～22：00(4月～8月)　　　　　19：00～21：00(3月・9月・10月) 　　　　　18:00～20：00(11月～2月)
札幌市青少年科学館,北海道の特色を体験しながら学べる！大人も夢中になれる科学体験ワールド,札幌市厚別区厚別中央1条5丁目2-20,月曜、毎月最終火曜日、祝日の翌日、年末年始・9:00～17:00(5月～9月)、9:30～16:30(10月～4月)
さっぽろうぉ～く（循環型路線バス）,札幌市内観光は、お財布にも環境にもやさしい循環型路線バスがおすすめ,札幌駅前バスターミナル、札幌駅前,さっぽろうぉ～く／毎日6:50～22:50まで概ね20分間隔で運行
さっぽろ羊ヶ丘展望台,クラーク博士と同じポーズで、ハイ・チーズ！札幌の記念写真スポットの定番です,札幌市豊平区羊ヶ丘1,■定休日なし■営業時間5～6月／8:30～18:00　7～8月／8:30～19:00　9月／8：30～18：0010～4月／9:00～17:00
Steven's Stable　(乗馬),外国人ガイドと海外でトレッキングしている気分を味わおう！,札幌市西区小別沢149,営業時間：10:00～日没まで定休日：月曜日
サッポロファクトリー,札幌の歴史と先端を象徴する巨大なショッピングモール,札幌市中央区北2条東4丁目,営業時間：ショッピング10:00～20:00　レストラン11:00～22:00一部店舗異なる定休日：不定休
札幌市時計台(旧札幌農学校演武場)  (重要文化財),札幌の歴史を刻み続けてきた時計台の息づかいを感じてください,札幌市中央区北1条西2丁目1－1,・定休日：年始（1月1日～1月3日）・営業時間　8：45～17：10(入館は17：00まで)
渡辺淳一文学館,ベストセラー作家・渡辺淳一自身が展示内容を構成・企画した文学館,札幌市中央区南12条西6丁目414,営業時間／9：00～18：00（11月～3月は17：30）※最終入館は閉館の30分前定休日／月曜日（祝日の場合は翌平日）
大通公園,都市の真ん中に花々と水辺があり、のんびり憩える公園がある。札幌の自慢です,札幌市中央区大通西1～12丁目,休園日なし・24時間開園
札幌Skyクルージング　(遊覧飛行),空の上の爽快札幌散歩。大感動のパノラマビューが待っています,札幌市東区丘珠町63　札幌丘珠空港内,営業時間：4月～10月　9：00～17：00(着陸)11月～3月　9：00～16：00(着陸)定休日：なし
本郷新記念 札幌彫刻美術館,あなたが旅先の名所で何気なく観ていた彫刻は、 本郷新の作品かもしれません,札幌市中央区宮の森4条12丁目,営業時間：10:00～17:00(入館16:30まで)定休日：月曜日(祝日の場合翌日)年末年始・展示換え期間
豊平峡ダム（紅葉）,眼下に広がる定山湖と色鮮やかな木々の景観美を楽しめます,札幌市南区定山渓840番地先,営業期間／2016年5月1日（日）～11月3日（木祝）営業時間／8：45～16：00
ビッセスイーツ,道内の人気スイーツ6店舗が大集合した至福の空間,札幌市中央区大通西3丁目　大通ビッセ1階,10：00～21：00
大倉山展望台,頂上から眺める札幌の街並みは絶景！急斜面のアプローチからはスキージャンプの緊張感が伝わってくる,札幌市中央区宮の森1274,■大倉山展望台リフト：4月29日～11月3日／8：30～18：00、11月4日～翌年4月28日／9：00～17：00■ラムダイニング大倉山：年末年始は休み・営業時間／ランチ11：30～14：00(LO.13：30)／ディナー17：30～21：30(LO.21：00)
北海道四季劇場,「舞台と客席に一体感がある、濃密な空間」がコンセプト,札幌市中央区大通東1丁目10,公演日程に準じます
札幌国際スキー場,札幌市内からでも1時間圏内。初級から上級まで大満足の施設充実スキー場,札幌市南区定山渓937番地先,(営業時間)平日9：00～17：00　土日祝9：00～18：00(3/24～5/6のスプリング期間は平日9：00～16：30　土日祝9：00～17：00)※天候状況により変更となる場合があります
サッポロテイネ,札幌市内に近接の都会のスキー場。ワイルドにもおしゃれにも楽しめます,札幌市手稲区手稲本町593-3,(ハイランド)～2016年5月5日予定(ただし、4月11日以降は土・日・祝および4月29日～5月5日のみの営業)9：00～17：00(オリンピア)～2016年3月31日9：00～17：00(ナイターは16：00～21：00)※12/31は18：00まで
もーりす号・ホワイトクルージング (雪上車),冬ならではの期間限定雪上クルージング,札幌市中央区伏見5丁目3-7,通常の運行時間は13：00～14：00、17：00～18：00の1時間に2便ずつ…(予定)
クラブキッズ,初めてでも参加できるスクーバダイビング透明度抜群の積丹と支笏湖で催行！,札幌市厚別区中央3条3丁目14-20,体験ダイビングは午前(10：00～)・午後(13：00～)の2回開催午前参加の場合の集合時間支笏湖／地下鉄東西線大谷地駅7：20集合、または現地・幌美内9：00集合積丹／地下鉄東西線大谷地駅7：20集合、または現地・三国・積丹町観光せんたぁ9：00集合※開催時間等スケジュールは応相談※2名以上参加の場合は札幌(大谷地)と現地の無料送迎も行っています
円山公園,札幌市民に親しまれている桜の名所でお花見客も多く訪れます,札幌市中央区宮ケ丘,休園日なし
北海道博物館　(愛称：森のちゃれんが),北海道の自然・歴史・文化を紹介する総合博物館。北海道のすべてがここに――,札幌市厚別区厚別町小野幌53-2,開館時間：5月～9月 9：30～17：00(入館は16：30まで)10月～4月 9：30～16：30(入館は16：00まで)定休日：月曜日(祝日・振替休日の場合は直後の平日)年末年始(12月29日～1月3日)
赤れんが テラス,北海道庁旧本庁舎を眺めながら食事が楽しめるグルメスポット,札幌市中央区北2条西4丁目1番地,営業時間：各店舗によって異なる定休日：なし　※各店舗の営業日、営業時間は店舗によって異なる
札幌ステラプレイス,札幌駅でショッピングが楽しめる複合商業施設,札幌市中央区北5条西2丁目,営業時間ショッピング 10:00～21:00レストラン　 11:00～23:00※L.Oは店舗により異なります
札幌 場外市場,市場で競り落としたばかりの新鮮な食材が味わえる食堂,札幌市中央区北11条西21～23丁目,営業時間：6:00～15:00 ※大型店舗6:00～17:00定休日：なし
二条市場,市の中心部で道内の新鮮な食材を販売する店舗が勢ぞろい,札幌市中央区南3条東1丁目～2丁目,店舗により異なる
六花亭　札幌本店,北海道を代表する銘菓「六花亭」の魅力が詰まっています,札幌市中央区北4条西6丁目3-3,営業時間：1F店舗10:00～20:00、2F喫茶室10:30～18:00(LO17:30)、5Fギャラリー柏10:00～20:00※季節によって変動あり定休日：なし
北海道どさんこプラザ　札幌店,道内各地の美味しい特産品が大集合！,札幌市北区北6条西4丁目 JR札幌駅西通北口,営業時間：8:30～20:00定休日：なし
アサヒビール北海道工場,アサヒビールの美味しさの秘密がわかる工場見学が魅力,札幌市白石区南郷通4南1-1,電話受付時間：9：00～17：00(要予約)定休日：指定休日(月1～2回)、年末年始
札幌ウィンタースポーツミュージアム,ウィンタースポーツの歴史や楽しみ方を学べます,札幌市中央区宮の森1274番地,営業時間：5月～10月(夏期) 9:00～18:0011月～4月(冬期) 9:30～17:00定休日：なし
北海道大学北方生物圏フィールド科学センター植物園,季節ごとに移り変わる自然の流れを感じる空間,札幌市中央区北3条西8丁目,夏期(4/29～11/3)4/29～9/30 9:00～16:30 10/1～11/3 9:00～16:00 ※入園は30分前まで冬期(11/4～4/28)平日 10:00～15:30土曜 10:00～12:30※温室のみ開館、入館は30分前まで
札幌市資料館　(有形文化財・旧札幌控訴院),札幌の歴史や裁判の体験などができる歴史的建造物,札幌市中央区大通西13丁目,営業時間：9:00～19:00定休日：月曜日(月曜日が祝休日の場合は翌平日)、12月29日～1月3日
雪印メグミルク　酪農と乳の歴史館,酪農や乳業にまつわる史料を多数展示,札幌市東区苗穂町6丁目1-1,営業時間：9:00～11:00、13:00～15:30定休日：土曜、日曜、祝祭日
旧黒岩家住宅(旧簾舞通行屋),明治時代の開拓使によって建てられた宿泊施設が郷土資料館に,札幌市南区簾舞1条2丁目4-15,営業時間：9:00～16:00定休日：年末年始、月曜日(祝日の場合は翌日)、祝翌日
北海道神宮,正月三が日で約70万人の参拝者が集う、北海道の名物神社,札幌市中央区宮ヶ丘474,営業時間：4月～9月 9:00～17:00　　　　　10月～3月 9:00～16:00
さっぽろテレビ塔,札幌の全景が見渡せる、北海道の代表的スポット,札幌市中央区大通西1丁目,定休日／2017年11月8日、2018年1月1日営業時間／9：00～22：00
旭山記念公園,札幌の街並みを見渡せる、自然豊かな公園,札幌市中央区界川4丁目,営業時間：24時間利用可。ただし駐車場は6:00～22:00 定休日：なし
札幌ドーム,ドームツアーや展望台でドームの裏側を見ることができます,札幌市豊平区羊ケ丘1番地,【展望台】10:00～17:00【ドームツアー】10:00～16:00(1時間毎にスタート)※イベントの開催状況により営業日時が異なります。
札幌農学校第2農場,クラーク博士の構想によって発足した北海道最古の畜産経営の実践農場,札幌市北区北18条西8丁目（北海道大学札幌キャンパス内）,営業時間：屋外公開 8:30～17:00(通年)屋内公開(模範家畜房・穀物庫・牧牛舎) 10:00～16:00(4月29日～11月3日)定休日：毎月第4月曜日
清華亭,開拓使の貴賓接待所として建てられた歴史的建造物,札幌市北区北7条西7丁目,営業時間：9:00～16:00定休日：年末年始
中島公園,「日本の都市公園100選」にも認定された、街なかの公園,札幌市中央区中島公園1,営業時間：24時間開放定休日：なし
北海道大学イチョウ並木・ポプラ並木,北海道大学を代表する自然の風景,イチョウ並木：札幌市北区北13条西5～7丁目ポプラ並木：札幌市北区北11条西10丁目,常時開放
北海道庁旧本庁舎 赤れんが庁舎,約250万個のれんがを積んで設計された、洋風建築の重要文化財,札幌市中央区北3条西6丁目,営業時間：8:45～18:00定休日：年末年始(12月29日～1月3日)
豊平館,歴史的建造物のリニューアル完了！札幌市民憩いの「中島公園」、必見スポット！,札幌市中央区中島公園1-20,定休日　毎月第２火曜日、年末年始観覧　9:00～17:00（観覧受付は16:30まで）貸室　17:00～22:00
札幌もいわ山ロープウェイ,札幌のロマンチックな夜景が一望できる定番の観光スポット,札幌市中央区伏見5丁目3-7,営業時間：10:30～22:00(～11/23)、11:00～22:00(12/4～)定休日：11/24～12/3休業
八紘学園 北海道農業専門学校 花菖蒲園,北海道で最大規模の花菖蒲園,札幌市豊平区月寒東3条11丁目3,営業時間：7月上旬～下旬　8:30～17:30定休日：開園期間中 無休
元祖さっぽろラーメン横丁,今も昔も札幌ラーメン文化をリードしている名横丁,札幌市中央区南5条西3丁目 N・グランデビル1階,営業時間： 店舗により異なる定休日：店舗により異なる
北菓楼札幌本館,札幌の新名所がまた一つ誕生歴史的建造物でスイーツを！,札幌市中央区北1条西5丁目1-2,無休営業時間　10:00～19:00カフェ営業　10:00～18:00（ラストオーダーは17:30、お食事は11:00～15:00）
ISHIYA CAF,ISHIYAオリジナルスイーツを味わえるカフェ,札幌大通西4ビル地下2階（札幌市中央区大通西4丁目6番地1）,定休日／元日営業時間／8:00～22:00(営業時間を変更する場合がございます。)
幌美峠ラベンダー園／展望駐車場　,市街地にあるラベンダー園は日本夜景遺産にも認定,札幌市中央区盤渓471番地110（幌見峠頂上）,・幌見峠ラベンダー園開園期間／7月中旬～8月上旬開園時間／9：00～17：00（車の退場は18：00まで）・幌見峠展望駐車場営業期間／4月1日～11月30日営業時間／昼の部10：00～17：00（退場は18：00）、夜の部18：00～1：30（閉門は2：00）※気象状況により変更の場合あり
小金湯さくらの森,6ヘクタールの広大な敷地に美しい植栽札幌の花見の新名所が誕生しました,札幌市南区小金湯604-2,4/29～11/30は無休（12月～3月は閉館）開園時間／（4～8月）8:00～18:00、（9月）8:00～17:00、（10月）8:00～16:30、（11月）9:00～16:00
八剣山果樹園,果物も野菜も自分で収穫するといっそう美味しい！園内にはバーベキューハウスも有り！,北海道札幌市南区砥山126,定休日毎週水曜日（ただし、フルーツシーズンは無休）平日9:00～17:00、土日祝日9:00～19:00
定山渓ファーム,21ヘクタールの広大な敷地に広がる観光果樹園,札幌市南区定山渓832,営業時間／9：00～16：00（4月～10月）※無休10：00～15：00（11月～3月）※毎週月曜日休園
北海道くらし百貨店,2017年6月22日に「ノルベサ」1Fにオープン！北海道ならではの“いいもの”が各地から大集合！！,札幌市中央区南3条西5丁目1-1ノルベサ1階,定休日／年中無休営業時間／10：00～24：00
雪印パーラー 本店,札幌の喫茶店といえばココ。伝統の味を守り続ける老舗カフェ,札幌市中央区北2条西3丁目1-31太陽生命札幌ビル1階,定休日／なし営業時間／売店10：00～21：00、喫茶10：00～21：00（ラストオーダー20：30）
sitatte sapporo（シタッテサッポロ）／札幌フコク生命越山ビル,札幌中心部の新たなランドマークとなる“憩い”の複合ビル,北海道札幌市中央区北2条西3丁目1番地20号,7：30～23：30※定休日・営業時間は店舗により異なります
Locale-JZK（ロケール定山渓）,定山渓エリアの新たな情報発信基地2017年5月には定山渓初となるレンタサイクルが登場！,札幌市南区定山渓温泉東3-228（定山渓ビューホテル向かい）,定休日／水曜営業時間／10：00～18：00（レンタサイクル営業期間：5月1日～10月末）※店舗は通年営業※季節や天候により変動あり
ゆにガーデン,102万本のリナリアの花が咲き誇る庭園でロマンチックデートを,由仁町伏見134-2,冬期間休業営業期間／2017年4月22日（土）～10月22日（日）・10：00～17：00（土日祝日は9：00オープン）
ピパの湯 ゆ～りん館,「青の洞窟」をイメージした神秘的な洞窟露天で癒される温泉,美唄市東明町3区,・定休日なし7：00～22：00
ほろしん温泉 ほたる館,本物の健康と癒しの空間を提供「ほろしん温泉ほたる館」,沼田町幌新377-6,なし・10：00～22：00（日帰り入浴）
三笠(道の駅),ラーメンや濃厚ソフトなどのグルメがいっぱいの道の駅,三笠市岡山1056番地1,毎週月曜日(月曜祝日の場合は翌日)、年末年始・営業時間：(4月～9月) 9：00～18：00、(10月～3月)9：00～17：00
あいロード夕日の丘観光案内所,夕日が美しいスポット！石狩のおいしいものが充実した観光案内所,石狩市厚田区厚田12番地4,定休日なし(期間中)あいロード夕日の丘観光案内所の営業期間：4月中旬～10月末日まで(予定)、10：00から日没まで
マオイワイナリー,石狩平野のパノラマが目の前に広がる！夫婦で営むワイナリー,長沼町加賀団体,営業時間：4月～12月の土日祝、10：00～17：00
恋人の聖地／厚田公園展望台,沈む夕日が美しい絶景ポイント！二人の距離がぐっと縮まるデートコース,石狩市厚田区厚田,
YAMAZAKI　WINERY,クラシック音楽が流れるブドウ畑！家族で力を合わせたワイン造り,三笠市達布791-22,月～金、営業は土日祝のみ直売所の営業時間10：00～18：00（冬期～16：00）
宝水ワイナリー,人の手によるワイン造りを大切にしたワイナリー,岩見沢市宝水町364-3,定休日／なし(4月～12月)、水曜日(1月～3月)営業時間／10：00～17：00
田園の里うりゅう(道の駅),雨竜米を使ったアイスや揚げかまぼこなど、限定特産品が楽しめる,雨竜町満寿28番地3,12/31～1/2・5月～10月　9:00～18:00、11月～4月　10:00～16:00(各販売ブースによって変動あり)
鐘のなるまち・ちっぷべつ(道の駅),ブロッコリーのグリーンソフトが人気！国内最大級のスイングベルが鳴り響く,秩父別町2085番地,4/1～10/31　9：00～17：0011/1～3/31　9：00～16：00(5月～10月無休・11月～4月火曜定休・年末年始12/30～1/5休み)　
安田侃彫刻美術館 アルテピアッツァ美唄,学校跡を再生させた芸術の広場！彫刻をゆっくり見て回ったらカフェでひと休み,美唄市落合町栄町,開館時間：9：00～17：00※カフェアルテの営業時間10：00～17：00（11月中旬～3月中旬の平日は10：00～16：00）休館日：毎週火曜日、祝日の翌日（日曜除く）、年末年始(12月31日～1月5日)
ユンニの湯,肌がすべすべの美肌の湯！女性風呂だけのハーブ湯露天風呂が大好評,由仁町伏見122番地,定休日／不定休営業時間／朝風呂5：30～8：00、日帰り10：00～22：00
ライスランドふかがわ　(道の駅),道の駅全体がお米のテーマパーク！米がテーマのレストランの自慢は釜飯！,深川市音江町字広里59番7,定休日：年末年始(12／31～1／2)（4/1～10/31）9：00～19：00（11/1～3/31）9：00～17：00
マオイの丘公園(道の駅),種類豊富な野菜が並ぶ農産物直売所と、地元食材を使った長沼丼が人気,長沼町東10線南7番地,元日休み・センターハウス／5～10月9：00～20：00、11・4月9：00～18：00、12月～3月9：00～17：00
うたしないチロルの湯 (道の駅),40種類以上！の漬物が販売されている道の駅,歌志内市字中村72番2,■定休日年末年始(12/30～1/5)11月～3月は毎週月曜定休（祝日の場合は翌火曜）■営業時間4月～10月／9:00～18:0011月～3月／9:00～16:00■レストラン4月～10月／11：00～17：0011月～3月／11：00～14：00
鶴沼ワイナリー,敷地面積日本一の葡萄畑から次々と生み出されるワイン,浦臼町字於札内428-17,夏季／9：00～16：00（4月～10月）、定休日なし冬季／9：00～15：30（11月～翌年3月）、定休日は土日祝祭日、年末年始
えこりん村,個性豊かなテーマガーデンを巡り、アルパカスマイルに癒される,恵庭市牧場277-4,・定休日：営業期間中無休。要問合せ・営業時間：施設により異なる為、要問合せ
新千歳モーターランド (レンタルカート施設),F1レーサー気分でマシンを操縦。迫力あるスピード感は病みつきに！,千歳市美々1292－560,営業時間：9：00～21：00（冬期は9：00～16：00）定休日：無休(4月～11月)、年末年始
ウトナイ湖(道の駅),目の前は動植物の宝庫、野鳥の楽園。地元が誇る名物が勢揃い,苫小牧市植苗156-30,休館日　年末年始(12／31～1／2) 営業時間　9:00～18:00(3～10月)※4月29日～5月7日・8月11日～8月16日は19：00まで 、9:00～17:00(11～2月)
花ロードえにわ（道の駅）,かぼちゃプリンパンを買って、みずみずしい花の風景を楽しむ,恵庭市南島松817-18,定休日：年末年始(12月31日～1月2日)営業時間：・「ショップ8760」「ベーカリー工房カリンバ」9:00～19:00（4月～10月）、9:00～17:30（11月～3月）・「フード工房コンサバトリー」10:00～（LO.閉館30分前）・恵庭農畜産物直売所「花野菜（かのな）」9:00～17:00（4月上旬～11月下旬まで無休）
イコロの森 (体験型庭園観光施設),澄みきった空気に包まれて、森の宝物を探しに行こう,苫小牧市植苗565-1,営業期間：4/21～10/31・9：00～17：00(期間中無休)※乗馬クラブリーフは年中無休で営業しております。問合せ先：0144-53-1912
ハウスヤルビ奈井江 (道の駅),地元産の米粉で作ったライスクリームや、ふっくらとしたゆり根のどら焼きが自慢！,奈井江町字奈井江28-1,定休日／年末年始営業時間／9：30～17：00（11月～3月は10：00～16：00)※年ごとにより営業期間等が異なります
道の駅　たきかわ,地元産の素材を生かした食材が人気,滝川市江部乙町東11丁目13-3,定休日：年末年始(12/31と1/1)営業時間：4月中旬～11月中旬/9：00～18：00、11月中旬～4月中旬/9：00～17：00
カナディアンワールド公園,赤毛のアンの世界をそのまま再現した公園をゆっくりお散歩！,芦別市黄金町731番地,営業時間：開園期間4月下旬～10月下旬、開園時間10：00～17：30定休日：開園期間中無休
スタープラザ芦別（道の駅）,ドライブ途中の休憩に！自慢の芦別名物「ガタタンラーメン」が味わえる,芦別市北4条東1丁目1番地,定休日／12月31日～1月1日営業時間／売店9：00～19：30、レストラン11：30～19：30（11月～4月は18：00まで）
ノーザンホースパーク (馬とふれあえるテーマパーク),馬とほのぼのふれあい、花と緑の中を散策して心も体もリフレッシュ,苫小牧市美沢114－7,【営業時間】夏期　(4/15～6/30)9：00～17：00　　　(7/1～8/31)9：00～18：00　　　(9/1～11/5)9：00～17：00冬期　(11/6～4/14)10：00～16：00
サーモンパーク千歳,2015年8月8日リニューアルオープン！命を育む大いなる千歳川に癒される、サケのテーマパーク,千歳市花園2丁目4-2,定休日なし・営業時間9：00～18：00(一部店舗は20：30まで)
北海道中央葡萄酒・千歳ワイナリー,おすすめは北海道特産のハスカップを使ったフルーツワイン,千歳市高台1丁目7,営業時間：9:00～17:00定休日：11月～3月 土曜，日曜，祝日，年末年始 4月～10月 休まず営業
サンフラワー北竜(道の駅),約150万本のひまわりの咲く里で楽しむ自慢の温泉と特産品の数々,北竜町字板谷163-2,定休日・不定休道の駅開館時間 ：8:00～22:00
三笠天然温泉　太古の湯,天然素材の湯船に浸り、女性に人気の岩盤浴でリフレッシュ！,三笠市岡山1042-20,営業時間：10:00～23:00(最終受付 22:00)定休日：なし
三井アウトレットパーク 札幌北広島,国内外の注目ブランドがズラリ！,北広島市大曲幸町3丁目7-6,・営業時間物販／10：00～20：00飲食／11：00～21：00※店舗により一部異なりますフードコート／10：30～21：00(LO20：30)・定休日：不定
北海道子どもの国,日本の都市公園100選にも選定された道立都市公園,砂川市北光401-1,無休・終日開放
ハイジ牧場,約100品種以上の動物たちと戯れながら牧場体験を楽しむ,長沼町東9線南2番,期間中無休(4月中旬～11月上旬)4/中旬～8/31　10：00～18：009/1～11/上旬　10：00～17：00
北海道グリーンランド遊園地,北海道最大高さ85メートルの大観覧車をはじめ、全46機種のアトラクション,岩見沢市志文町1015番地　いわみざわ公園,2016年は4月23日(土)～10月23日(日)開園予定無休・9：00～17：00※7/10・8/21(花火大会)、7/16・17(ジョインアライブ)は～21：00※4/29～5/8は～19：00、7/23～8/16は～20：00
佐藤水産　サーモンファクトリー,鮭のことならお任せ！出来たてオリジナルグルメが味わえる鮭の専門店,石狩市新港東1丁目54,営業時間：平日／10:00～18：00、土日祝／10:00～19：00 、1～3月／10:00～17：00定休日：1月1日 
たきかわスカイパーク,遮るものがない大空を鳥のように舞う。優雅な空中散歩に挑戦を！,滝川市中島町139-4（石狩川河川敷）,スカイミュージアム 9:00～17:004月中旬から11月中旬／無休11月中旬から4月中旬／土日祝年末年始※体験飛行についてはお問い合わせ下さい。
ローズガーデンちっぷべつ(バラ園),"開園期間は6月下旬～10月上旬。300種3,000株のバラが美しさを競う",秩父別町3条東2丁目,開園期間：6下旬～10上旬営業時間：9:00～17:00(入園は16：45まで)
石狩ホーストレック／押琴ファーム　(乗馬),四季折々の楽しみがある野外騎乗専門のクラブ。一人ひとり親切に教えてくれます,当別町ビトエ5266,営業時間：要問合せ　(お問い合わせ先)　info@i-horse.jp定休日：不定休
北海道オフロードパーク (バイク・四輪バギー),マイナスイオンを浴びながら、自然の中を駆け抜ける爽快感がたまらない！,千歳市泉沢1719番,営業時間：6月～8月／土日祝9:00～17:00、平日10:00～16:009月～5月／10:00～16:00定休日：木曜
丸駒温泉旅館,四季の彩りと風情が感じられる眺望豊かな露天風呂,千歳市幌美内7番地,営業時間：10:00～15:00(日帰り)定休日：無休
支笏湖観光船(水中遊覧船),湖と山が織り成す青と緑のコントラストが、大自然の偉大さを演出,千歳市支笏湖温泉,営業期間4月中旬～11月上旬
むかわ温泉四季の湯,温泉もスポーツジムも利用OK。アレコレ楽しめる大型複合施設,むかわ町美幸3-3-1,定休日／なし（館内の食事処は不定休）営業時悪寒／10：00～22：00
キリンビール北海道千歳工場,「一番搾り うまさの秘密体感ツアー」を実施中！,千歳市上長都949-1,見学ツアー時間／9:30～11:30、13:10～15:30 レストラン営業時間／10:30～21:00(ラストオーダー20:30)定休日／見学ツアーは月曜日(祝日の場合は次の平日が休館)、レストランは第4月曜日
小川農場　,北海道の短い夏を直売所併設のひまわり迷路で楽しもう！,千歳市根志越296-1,なし(直売所オープンは5月～12月下旬)・9：00～17：00
松浦農園,夏はジャガイモが旬！収穫体験が楽しめる農園です,千歳市中央2478,営業時間：9：00～17：00(4月上旬～12月中旬)
サッポロビール北海道工場,できたて生ビールの試飲もできる工場見学が人気,恵庭市戸磯542-1,・定休日　毎週月曜日（祝日の場合翌日）、年末年始および臨時休館日・営業時間10：00～16：00・工場見学時間10：00、11：00、13：00、14：00、15：00、16：00開始
むかわ町立穂別博物館,化石を見て、触れて、学んで、一億年前の恐竜時代へタイムスリップ！,むかわ町穂別80-6,月、祝日の翌日、年末年始・9：30～17：00(受付16：30まで) ※7・8月無休
千歳アウトレットモール・レラ,北海道最大級！の屋外型アウトレットモール,千歳市柏台南1丁目2-1,■定休日なし■営業時間10時～19時（季節・店舗により変動）
むかわ町穂別地球体験館,地球環境を体感する46億年の地球旅行へ出発！,むかわ町穂別79-5,休館日／月曜・祝日の翌日※7・8月は無休(12月～3月中旬までは冬季閉館)開館時間／9：30～16：30
ノース・スノーランドイン千歳,一面銀世界の中で冬のアクティビティを心行くまで楽しめます,千歳市蘭越26番地（ザ・ノースカントリーゴルフクラフ゛内）,2016年12月29日(木)～2017年3月5日(日)　9:00～16：00迄(15：30受付終了)営業期間中無休※積雪状態により営業期間・営業時間を変更する場合があります
マウントレースイスキー場,幅広くゆったりとしたコース設計で女性や子供にやさしいゲレンデ,夕張市末広2-4,営業期間：2016年12月3日～2017年3月26日ナイター営業：2016年12月17日～2017年3月12日営業時間：9：00～19：00ナイター営業：15：00～19：00
萌の丘,ドラマのロケ地になった、萌の丘,沼田町北竜1076,
夕張メロード,地場野菜の直売所のほか、ご当地スイーツもいっぱいの道の駅！,夕張市紅葉山526-19,休館日／1/1～1/4、1/31、4/30、7/31、8/22、10/31※臨時休業あり、無休（5月～7/30）、月曜休（8月～4月）開館時間／9:00～19:00(4/25～8/17)、10:00～18:00(8/18～4/24)※トイレは24時間使用可能
天然温泉レースイの湯,夕張を代表するリゾートホテルの天然温泉をぜいたくに使おう！,夕張市末広2-4 ,日帰り入浴：10：00～20:30
ゆうばり自然体験塾,目で、心で、体で体験する夕張の魅力！,夕張市南部岳見町22番地（旧夕張幌南小学校） ,それぞれのメニューで実施期間・実施時間が違います。詳しくはお問合せください
支笏湖ビジターセンター,支笏湖の自然や見どころを、ジオラマやパネルなどでわかりやすく解説 ,千歳市支笏湖温泉番外地,・年末年始、冬期12月～3月は毎週火曜日(祝日の場合は翌日)　 ・9:00～17:30(冬期12月～3月は9:30～16:30)
支笏湖野鳥の森,野鳥のさえずりを聞きながらの森林散策で、癒される,千歳市支笏湖温泉,なし・7:00～21：00
明日萌(あしもい)駅,ＮＨＫ朝の連続テレビ小説「すずらん」の舞台となった明日萌駅（恵比島駅）,沼田町恵比島,5月～10月(予定)
いわみざわ公園バラ園,約630品種のバラとハマナスを鑑賞できる道内最大級のバラ園,岩見沢市志文町794番地,年中無休バラ園（4/29～11/3）営業時間 9：00～17：00（６月中旬～８月中旬まで 18：00閉園）
秋田谷農園,たわわに実ったいちごや、ブルーベリーの果物狩り体験！,岩見沢市栗沢町上幌30番地（旧林農園）,果物狩り期間は無休・9：00～16：00
リトルロックヒルズ,広大な敷地の庭園を散策して、四季の風景の移ろいを楽しむ,岩見沢市栗沢町上幌684-2,4～9月無休、10～12月火曜日、1～3月は要問合せ(天候による)
玉泉館跡地公園,春は桜、夏は睡蓮、秋は紅葉と四季折々の色彩に身も心も癒されます,岩見沢市東山3丁目3-1,定休日：なし営業時間：9:00～17:30※冬期間は閉園（11月4日～4月28日）
そらち炭鉱の記憶マネジメントセンター,空知の炭鉱100年間の栄枯盛衰から北海道の歴史を再発見！！,岩見沢市1条西4丁目3,定休日：月曜日、火曜日営業時間：10:30～17:30
岩見沢観光物産拠点センターｉＷＡＦＯ(イワホ),岩見沢観光は、ⅰＷＡＦＯ情報でバッチリ。駅舎内ガイドもあります（無料）。,岩見沢市有明町南1番地1(岩見沢駅舎内）,定休日：なし営業時間：10:00～17:30　
東井果樹園,約2000本の木に囲まれて、秋はりんご狩りを楽しめる,岩見沢市毛陽町482,不定休9:00～17:00
こぶ志窯　こぶ志陶芸館,1946年創窯、道内で最も古い窯元展示、販売から陶芸体験まで,岩見沢市5条東13丁目,営業時間：10：00～18:00、11：00～16：00(日曜日、冬期間)定休日：水曜日
厚真町農業体験（羊の毛刈り体験など）,めったに体験できない「羊の毛刈り」！めん羊との触れ合いなど自然・農業体験が多数,厚真町本郷305番地2,
むらかみ牧場,かわいい牛たちとふれあって、のんびり楽しむ牧場体験,恵庭市戸磯156,営業時間：10：00～18：00(3月中旬～12月下旬)定休日：上記期間中は無休、1月～3月中旬休業
町村農場ミルクガーデン,自慢の牛乳がたっぷり！のどかな農場で人気スイーツを楽しもう,江別市篠津183,営業時間：9:30～17:30(3月～11月)、10:00～17:00(12月～2月)定休日：不定休
ホクレン　食と農のふれあいファーム　くるるの杜,畑で農作業、キッチンで調理、北海道の食と農をまるごと体験,北広島市大曲377-1,営業時間：農畜産物直売所10：00～17：00農村レストランランチ11：00～15：30(受付11：00～14：20)、ディナー17：30～21：00(受付17：30～20：00)※ディナーは土・日・祝日のみ定休日：不定休※HPにてご確認ください。
北海道箱根牧場,乳しぼりやバター作り、楽しい牧場体験がいっぱい！,千歳市東丘1201,営業時間：10：00～17：00定休日：火曜(11月～3月)、年末年始※4月～10月は無休
石狩湾漁協朝市,当日朝に水揚げされた新鮮な魚介類をお手頃価格で販売,石狩市新港東4丁目800-2,営業時間：6：30～14：00頃※天候により変更する場合があります※商品がなくなり次第終了定休日：期間中無休(4／1～7／中)※天候により営業していない場合もあります
江別市セラミックアートセンター,作品を鑑賞し、創作を楽しむ。レンガとやきもの文化の拠点,江別市西野幌114-5,観覧時間：9：30～17：00(入場16：30まで)定休日：月曜(祝日の翌日)、年末年始
小林酒造　北の錦記念館,創業明治11年。趣あるレンガ蔵が並ぶ北海道最古の蔵元,栗山町錦3丁目109,営業時間：10：00～17：00(4月～10月末)※11月～3月末は～16：00迄定休日：年末年始(12月31日～1月3日)
ドラえもん わくわくスカイパーク,大人も子どもも楽しめるエンターテイメント施設,千歳市美々 新千歳空港ターミナルビル　連絡施設3Ｆ スマイル・ロード,営業時間：パークゾーン：10：00～18：00(最終入場17：30)、ショップ：10：00～18：30カフェ：10：00～18：00(L.O17：00)定休日：なし
ロイズ　チョコレートワールド,できたてチョコレートに焼き立てパン！夢のチョコレートワールド,千歳市美々 新千歳空港ターミナルビル　連絡施設3F,営業時間:8：00～20：00(ベーカリー9：00～20：00、ファクトリー8：30～17：30)※時期により変動する場合があります定休日:なし
旧住友奔別炭鉱立坑櫓,東洋一と呼ばれた巨大立坑櫓で日本のエネルギー史に触れる,三笠市奔別町,営業時間：敷地外からの見学は常時可能ですが、私有地のため敷地内への立ち入りには許可が必要です定休日：なし
つるぬま（道の駅）,鶴沼公園、温泉施設が向かいにあり、直売店、飲食店も充実,浦臼町キナウスナイ186番地214,営業時間：9:00～18:00(4月下旬～10月)、10:00～17:00(11月～4月下旬)定休日：月曜日(月曜が祝日の時は翌日)、年末年始(12/31～1/3)
むかわ四季の館（道の駅）,温泉やホテル、レストラン、図書室、プールなどが揃う複合施設,むかわ町美幸3丁目3-1,■定休日／年中無休、レストランのみ不定休■営業時間売店／8:00～21:00物産館『セゾンdeむかわ』／10:00～20:00『コーヒーショップ四季』:／11:00～17:00(ラストオーダー16:30)『食事処たんぽぽ』／11:00～21:00(ラストオーダー20:00)温泉施設／10:00～22:00　※無料休憩所は24時間利用可能
野幌森林公園,樹木や草花、虫や動物、自然のつながりを体感できる原始の森,江別市西野幌,なし
雨竜沼湿原,200種類以上の花や植物を楽しめる広大な山岳湿原,雨竜町338番地2,登山シーズン6月中旬～10月中旬※10月中旬～6月中旬までは、つり橋を撤去するので登山不可
丸加高原展望台,春の菜の花、秋はコスモス、季節と時間で表情を変える美しい丘,滝川市江部乙町3972-10,営業時間：常時眺望可能定休日：なし
支笏湖,温泉、遊覧船、カヌー、釣り、レンタサイクルと遊びが充実,千歳市支笏湖,開館時間:9:00～17:30(4月～11月)、9:30～16:30(12月～3月)定休日:12月～3月は火曜日(祝日の場合は翌日)、年末年始
北竜町 ひまわりの里,東京ドーム約5個分の畑に、150万本のひまわりが咲き誇る！,北竜町板谷143－2,開花時期：7月中旬～8月下旬
滝川 菜の花畑,大地を黄色に染める広大な菜の花畑,滝川市江部乙町,開花時期：5月中旬～5月下旬
サケのふるさと千歳水族館,サケのみならず多くの淡水魚を展示支笏湖ブルーを再現した水槽に目が釘付けです,北海道千歳市花園2丁目312,年末年始休暇（12/29～1/1）メンテナンス休暇（2017年2/13～2/28）9:00～17:00（夏期7/1～9/30は～18:00）
TAKIZAWA WINERY,北海道の大地から生まれる、土地の個性を伝える自然派ワイン,三笠市川内841-24,不定休・10:00～16:00
大橋さくらんぼ園,"50種類・1,500本のさくらんぼパラダイス！",芦別市上芦別町469番地,2016年6月29日（木）～8月21日（日）・9:00～17:00※2016年度の営業は終了しました
EBRI,江別らしい店づくりの成果が見えるレンガの趣いっぱいの商業施設,北海道江別市東野幌町3-3,年末年始休業10:00～22:00（テナントによって異なります）
支笏ガイドハウスかのあ,カヌーが好きな自由人の集まり！そんなスタッフがサポートします,北海道千歳市支笏湖温泉,不定休（夏場は無休）、8:30～17:00
すながわスイートロード,個性あふれる18店が加盟する「すながわスイートロード」,砂川市,
金滴酒造,創業明治39年、110年以上の歴史を誇る酒蔵,新十津川町字中央71-7,売店営業日／土日・祝祭日、10：00～16：00）※正月三が日は定休日
そらちワイン＆フード モニターツアー,観光タクシーで気ままに空知のワイナリー巡り,岩見沢市※発着は岩見沢市内となります,
北欧の風　道の駅とうべつ,2017年9月23日オープン！札幌都心から一番近い道の駅。,石狩郡当別町当別太774番地11,・北欧の風 道の駅とうべつ　10：00～18：00・カフェ・テルツィーナ　11：00～18：00　L.O.17：00）・農産物直売所　9：00～16：00※トイレは24時間利用可能
ニセコミルク工房＆レストラン「PRATIVO」,レストランで野菜ビュッフェ。しぼりたて牛乳の手作り「ソフトクリーム」も,ニセコ町曽我888-1,年末年始・9:30～18:00
旧日本郵船（株）小樽支店　（重要文化財）,100年以上前に建造された明治後期の石造建築,小樽市色内3丁目7-8,■定休日火曜定休(祝日は開館、祝日の翌日に振替休)、年末年始12/29～1/3は休み■開館時間9：30～17：00
ニッカウヰスキー北海道工場 余市蒸溜所,日本のウイスキーの聖地といわれる蒸溜所。無料で見学・試飲ができる,余市町黒川町7丁目6,12月25日～1月7日は休み・9:00～17:00※ガイドツアー（予約制）9：00～12：00、13：00～15：30
水中展望船 ニューしゃこたん号,北海道で希少な海中公園。透き通った積丹ブルーの海を楽しむ船旅,積丹町美国町（美国漁港内）,・運休日：なし（荒天時は欠航、要問合せ）・運航期間：4月下旬～10月下旬予定・8：30～16：30（時期により変更あり※定期便随時運航）
余市葡萄酒醸造所 余市ワイナリー,余市の葡萄で仕込んだ“地ワイン”。ワインソフトは女性に人気,余市町黒川町1318,■夏期営業(5月～10月)、無休10：00～17：00■冬期営業(11月～4月)、火水定休10：00～15：00※変更がある場合がございます。お電話にて確認ください。
北海道ワイン　おたるワインギャラリー　(ワイン工場),日本ワインコンクール金賞受賞ワイナリーへようこそ！！,小樽市朝里川温泉1丁目130,営業時間：9：00～17：00（年末最終日は15：00まで）定休日：年末年始
ザ・グラススタジオ・イン・オタル（ガラス工房）,天狗山の麓にある手造りガラス工房。吹きガラスやサンドブラスト体験が人気,小樽市最上2-16-16,営業時間／10：00～18：00定休日／なし※工房は火曜定休
みなとま～れ寿都（道の駅）,自慢のコーヒー＆塩キャラメルソフトが美味しい、追分ソーランラインの休憩スポット,寿都町大磯町29-1,◎定休日（4～9月）無休、（10～3月）第1・第3月曜日※祝日の場合は翌日、（その他）年末年始※2018/4/1より上記に変更になります。3月までは現在HP記載のとおりです。◎営業時間（4～9月）9:00～18:00、（10～3月）9:00～17:00※こちらも3月までは現在の記載のとおり、4月より変更となります。
ニセコビュープラザ（道の駅）,ニセコエリアの交通の要所。観光案内人が旅をバックアップ,ニセコ町元町77番地10,■定休日／無休、フリースペース棟は年末年始休業■開館時間・情報プラザ棟（観光案内所、特産品販売）9：00～18：00（通年）・売店、フリースペース棟（農産物直売所）8：30～18：00（4月下旬～10月）、9：00～17：00（11月～4月下旬）
NACニセコアドベンチャーセンター（ラフティング他）,春夏秋冬ニセコを遊びつくすなら、22年のキャリアを持つNACで！,倶知安町字山田179-53 第一泉郷内,定休日／なし営業時間／8：00～21：00
よってけ！島牧(道の駅),追分ソーランラインにある南後志エリアの観光拠点。新鮮魚介の網焼きが評判,島牧村千走11-1,火曜日（祝日の場合は翌日休み）、年末年始9:00～18:00(7～8月)、9:00～17:00(9～6月)※レストランは11:00～14:30(LO14：00)
神仙沼(しんせんぬま),湖面が空を映し出し、四季折々の神秘的な風景をつくるニセコ山系で最も美しい沼,共和町前田,11月～4月末まで道道66号線通行止
スペース・アップルよいち(道の駅),余市ならではのフルーツや宇宙の不思議を体験できる道の駅,余市町黒川町6-4-1,■夏期(4月末～11/3頃)定休なし・9：00～18：00■冬期(11/3頃～4月中旬)月曜定休(祝日の場合翌日)・9：00～16：30
三角市場,駅前で約50年の歴史を持つ名物市場。価格が安く、鮮度の良さも折り紙つき,小樽市稲穂3町目10-16,なし・6：00～17：00
ニセコ五色温泉旅館　(秘湯・露天風呂),硫黄の匂いに包まれ絶景を眺めながらゆったりリフレッシュ,ニセコ町ニセコ510,日帰り入浴利用時間：夏期：8:00～20：00(閉館21:00)冬期は要電話確認定休日：なし
230ルスツ（道の駅）,羊蹄山を眺望できる場所にあり、直売所ではルスツの朝取れ野菜が豊富！,留寿都村留寿都127番地,定休日／年末年始(12/31～1/3)営業時間／9：00～18：00（4～10月）、9：00～17：00（11～3月）
湧水の里 (とうふ製造・販売),羊蹄の湧き水で作ったおいしい豆腐とヘルシー豆腐スイーツがいっぱい,真狩村字杜217-1,火曜・8:00～18:00(4～10月)8:30～17:00(11～3月)
名水の郷きょうごく(道の駅),羊蹄の麓でリフレッシュ。美味しい水と、広々とした芝生広場でのんびり,京極町川西45-1,年末年始休み8:00～18:00(4月～10月)8:00～17:00(11月～3月)
交流促進センター 雪秩父,大自然を見渡せる絶景露店が自慢。女性におすすめ“泥パック”,蘭越町字湯里680,定休日／毎週火曜日(祝・祭日、年末年始、ゴールデンウィーク除く）営業時間／10：00～20：00
望羊中山　(道の駅),名物の「峠のあげいも」を食べに多くの人が集まる。一度食べたらやめられない,喜茂別町川上345,年中無休   8:30～17:30
真狩フラワーセンター(道の駅),敷地内は多彩な花がいっぱい。ガーデニング好きにはたまらない,真狩村光8-3,年末年始(12/31～1/3)・9:00～18:00(4月下旬～10月)／9:30～16:30(11月～4月下旬)
ニセコHANAZONOリゾート,レジャーはもちろんグルメもお任せ！清潔でおしゃれなアクティビティー発信基地！,倶知安町字岩尾別328-1,営業時間：9:00～18:00定休日：なし※メニュー、時期により異なる
シェルプラザ・港 (道の駅),日本海側のドライブには欠かせないスポット。貝のカタチ（貝の館）の建物が目印,蘭越町港町1402-1,休み：火曜（11月～3月）　　　年末年始(12/31－1/3)営業：9:00～17:00（5～8月は～18：00）
らんこし・ふるさとの丘(道の駅),ドライブ途中の休憩や大自然の中で仲間とのレクリエーションに最適！,蘭越町相生969,定休日／11月～3月は毎週火曜日（祝日の場合は翌日）、年末年始（12/31～1/3）営業時間／9：00～17：00
くろまつない トワ・ヴェールⅡ(道の駅),地元の銘水仕込みの焼きたてパンは、ここの顔。売り切れ覚悟の人気商品！,黒松内町白井川8-10,なし(11～3月は第2・第4火曜休)・9：00～18：00(11～3月は9:00～17：00)
北一ヴェネツィア美術館,イタリアの古都ヴェネツィアの貴族文化に触れられる美術館,小樽市堺町5-27,定休日／なし（展示入替えのため休館あり）開館時間／8：45～18：00（入館は17：30まで）
キロロリゾート,雄大な森に囲まれたリゾートでワクワクメニューを満喫！,赤井川村常盤128-1,アクティビティによって異なります(要問合せ)
黄金岬,青く澄んだ日本海や自然がつくりだす海岸線の美しさに感動,積丹町美国,
山本観光果樹園,種類が豊富な果樹園で旬の味覚を狩ったり、食べたり。自慢のアップルパイも美味,余市町登町1102-5,9:00～17:00　6月中旬～11月上旬営業※冬期の入場はできません
小樽市手宮洞窟保存館（国指定史跡 手宮洞窟）,"1,600年前の続縄文時代の彫刻を保存。洞窟内は人類のロマンを感じるタイムマシーン",小樽市手宮1丁目3-4,休館日／火曜日(祝日は開館、翌日以降の平日に振替休)、11/4～4/28(冬期休館)公開時間／9：30～17：00
小樽　春香ホースランチ　(乗馬),乗馬ドキドキ体験！馬の優しさに触れながら、春香山の森をトレッキング,小樽市春香町397,営業時間：【夏期】10：00～(最終スタート)16：00【冬期】10：00～(最終スタート)15：00定休日：木曜(祝祭日の場合は営業)
小樽オルゴール堂 本館,日本最大級のオルゴール専門店。あなたの「思い出のあの曲」がきっと見つかるはず,小樽市住吉町4-1,無・9:00～18:00※夏季(7月～9月)の金・土と祝前日は9:00～19:00
小樽運河とガス燈,ノスタルジックな雰囲気に浸れる、ガス燈ゆらめく夜の運河へ,小樽市港町,
積丹岬,息をのむ美しさ！神秘的なシャコタンブルーの海が眺められるビューポイント,積丹町入舸町,
大正硝子館,とんぼ玉製作や吹き硝子の体験もできる。硝子のやさしさに出会える館,小樽市色内1-1-8,営業時間：9:00～19:00(夏期は20:00まで)定休日：なし
田中酒造 本店,「魔法の一滴　本みりん」が女性に人気！道産の酒造好適米にこだわる老舗造り酒屋,小樽市色内3丁目2-5,営業時間：9:00～18:00定休日：なし
岬の湯しゃこたん,日本海を一望する感動の大パノラマ。絶景に心も体もほぐれる露天風呂,積丹町大字野塚町212-1,・夏期営業　4月～10月10：00～21：00(受付終了は20：30)水曜休 ※水曜が祝祭日の場合は営業、7・8月は無休・冬期営業　11月～3月11：00～20：30(受付終了は20：00)水・木定休
毛無山展望所,曲がりくねった山道の中腹に広がる港町・小樽の夜景,小樽市天神4丁目1,冬期閉鎖(春は雪の状況によります)
手宮公園,小樽の町並を高台から見下ろし、春にはピンクの桜が咲き誇る,小樽市手宮2丁目,
GOOD SPORTS　(レンタルスキー・ラフティング他),ラフティング体験には温泉が付いて大満足！札幌発着無料送迎もあり,夏期：倶知安町山田70-1,営業時間：9:00～18:00※冬期間は営業時間変更あり定休日：なし
BLUE HOLIC(ブルーホリック),シーカヤックでしか見られない海の美しさ。感動体験で心を充電,小樽市塩谷1丁目28-13,営業時間：8:00～20:00定休日：無(5月～9月の営業期間)
さくらんぼ山観光農園,約4000本のさくらんぼの木がある広大な農園！食べ放題の果物狩りを楽しむ,仁木町南町9-138,6～10月・8:00～17:00(冬期は休業)
市立小樽文学館・市立小樽美術館,商都として繁栄した古き良き時代と今を、アート＆文学で感じる,小樽市色内1丁目9-5,休館日／両館とも月曜日・祝日の翌日(土・日は除く)・年末年始開館時間／9:30～17:00
さかもと公園 甘露泉,ほのかに感じる甘みはコーヒーにもピッタリ！,ニセコ町ニセコ413-55,
西村計雄記念美術館,自然に学び変化し続けた西村計雄の多彩な作品に出会える丘の上の美術館,共和町南幌似143-2,営業時間：9：00～17：00(入館16：30まで)※展示替えにより臨時休館あり定休日：月曜(祝日の場合は翌日休)、年末年始
ルスツリゾート,14時からのトワイライト券や夏季限定のナイター券など、とってもお得なメニューがいっぱい！,留寿都村泉川13番地,4月・11月クローズ有り　営業期間／2018年4月28日～10月14日
ふきだし公園,こんこんと湧き出る羊蹄の伏流水。「名水百選」に選ばれた極上の味を堪能して,京極町川西,年中無休
ニセコパノラマライン,カーブを曲がるたびに美しい景色が現れる。パノラマラインでスロードライブを,共和町前,11月～4月末まで道路通行止め
有島記念館,「カインの末裔」の舞台になったニセコで、有島の思想と作品世界に浸る,ニセコ町有島57,定休日／毎週月曜日及び年末年始※ただし、夏季は月曜日でも開館する場合があります。お問合せ下さい開館時間／9：00～17：00(入館は16：30まで)
ニセコ グラン・ヒラフ　サマーゴンドラ,ニセコアンヌプリの大自然を満喫！サマーゴンドラで標高820mの中空へ,倶知安町山田204,営業期間／2018年7月14日（土）～9月24日（月）営業時間／9：00～16：00※8月10日～8月16日は8：30～17：00
ニセコマウンテンリゾート　グラン・ヒラフ（紅葉）,期間限定のサマーゴンドラでニセコの短い秋を満喫,倶知安町山田204,ゴンドラ営業期間／2018年7月14日（土）～9月24日（月）ゴンドラ営業時間／9：00～16：00※8月10日～8月16日は8：30～17：00
ニセコパノラマライン (紅葉),ドライブしながら色づく山々を楽しめる絶景ルート,ニセコ町～岩内町,
鏡沼,風のない晴れた午前中は写真日和。鏡沼に映しだされるもうひとつの風景,倶知安町花園,
半月湖,羊蹄山の麓にひっそりとある火口湖「半月湖」。湖一周の散策路で四季の移り変わりを体感,倶知安町字比羅夫,
賀老の滝,70ｍの高さから、豪快に流れ落ちる北海道最大級の滝,島牧村字賀老,夏期のみ営業(6月初旬～10月下旬)冬期は雪が降り次第閉鎖
中山峠スキー場,札幌市内からアクセス抜群。天然パウダースノーを疾走する快感！,喜茂別町川上345番地,9：00～16：00(11月上旬～12月中旬、春スキー4/1頃～5月中旬)※気象状況で変更あり
ニセコマウンテンリゾート　グラン・ヒラフ　(スキー場),多彩なコースと雄大なスケール。世界が注目するパウダースノーリゾート！,倶知安町字山田204番地,営業時間：2016年11月23日(水・祝)～2017年5月7日(日)予定定休日：なし8：30～16：30(ナイター営業時16：30～20：30まで)※ナイター営業は3月20日まで
キロロスノーワールド,丁寧に圧雪した滑らかなバーン、豊かな自然とゲレンデのバリエーションがスキーヤーを魅了,赤井川村常盤128-1,※ゴンドラ・リフトの運行期間、運行時間はそれぞれ異なります。詳細は下記ホームページをご確認下さい。■営業期間2016年11月23日（水）～2017年5月7日（日）予定■営業時間9：00～16：15、または日没まで※ナイター運行は16：30～19：30
ニセコアンヌプリ国際スキー場,まさに国際的なスキー場となったニセコを代表する上質のゲレンデ,ニセコ町ニセコ485,営業期間：～2017年5月7日(日)予定営業時間：8：30～16：30ナイター営業／3月20日(月)まで　16：30～20：30
おたる水族館,国定公園に囲まれた水族館。イルカやセイウチに会いに行こう！,小樽市祝津3-303,■通常営業　平成28年3月19日(土)～平成28年11月27日(日)・9:00～17:00■冬期営業 平成28年12月17日(土)～平成29年2月26日(日)・10:00～16:00■休館日平成28年11月28日(月)～12月16日(金)※入館は閉館時間の30分前まで
ニセコビレッジ自然体験グラウンド「ピュア」,ニセコの雄大な自然の中で楽しむアウトドアレジャー施設,ニセコ町東山温泉,営業期間：2016年4月29日(金・祝)～10月10日(月・祝)※4～5月はGW期間4月29日～5月8日のみの営業で、ツリートレッキングのみ開催※6月は土休日のみ営業※7月1日～10月10日は毎日営業※9：00～17：00まで営業(10/1～10/10は16：00まで営業)
革と珈琲 fanfun,世界にひとつだけの革製品は格別,ニセコ町曽我256－3,定休日／火曜（冬季は火・水曜）営業時間／10：00～17：00
運河プラザ,『旧小樽倉庫』を活用した施設。小樽の観光収集ならココ！,小樽市色内2丁目1-20,年中無休・9:00～18:00 ※季節等により変動あり
北のウォール街,明治から大正期の建造物が、今もなお色濃く残るエリア,小樽市色内周辺,ライトアップあり(日没～22:30頃まで)※施設により異なる
ルタオパトス,堺町通りのルタオパトスで、ここだけの限定スイーツを食べる,小樽市堺町5－22,なし・9:00～18:00(カフェは営業時間終了の30分前まで)※季節により変動あり
ニセコビレッジ スキーリゾート,羊蹄山が眺望できるリゾート。充実したコースに大満足,ニセコ町東山温泉,営業期間：2017年12月1日～2018年4月8日（8:30～16:30）※予定GW特別営業期間：2018年4月28日～5月6日（8:30～16:30）※積雪状況により、営業期間が変更となる場合がございます
ニセコ駅前温泉綺羅乃湯　(日帰温泉),JRニセコ駅前の便利な温泉！和洋、男女日替わりで楽しめます,ニセコ町字中央通33番地,営業時間：10：00～21：30　※最終受付21:00定休日：水曜日休館(祝日の場合は翌日)
水天宮,外人坂界隈の歴史的建造物巡り、その一つに加えたい水天宮,小樽市相生町3-1,
旗イトウ製作所,Ｔシャツや小物など、染めもの体験をしてみませんか？,小樽市堺町1-10,日曜、祝日定休旗染め体験／10：00～15：00(会社の営業時間は9：00～18：00です)※事前の予約が必要です
旭展望台,18本の自然散策コースを整備。展望台から小樽の絶景を満喫！,小樽市富岡2丁目,無休(冬期閉鎖)
MARINE WAVE OTARU(マリンウェーブ小樽),小樽港に沈む真っ赤な夕陽と多彩なマリンレジャーを楽しめるマリーナ,小樽市築港5番7号,水曜日休・4～9月(平日9:00～18:00、日・祝日8:00～18:00)、10～3月(9:00～17:00)※7～8月は無休の予定
郷の駅　ホッときもべつ,観光ドライブルートの最適な休憩スポット「喜茂別ロック」などご当地スイーツも要チェック！,喜茂別町字喜茂別306-3,〇お土産コーナー・野菜コーナー不定休、9:00～19:00〇フードコーナー毎週月曜定休。月曜が祝日の場合は火曜定休、10:00～15:00
すっつ浜直市場,獲れたて新鮮な魚介類の直売所！寿都名産「寿かき」は春が狙い目！,寿都町字大磯町196番地,4～12月：火曜定休、1～３月：土・日曜定休平日9：00～16：00(ランチ11：00～14：00)※ 冬期間の営業は直売部門のみ、飲食部門は休止
いわない（道の駅）,ご当地グルメの“たちかま”と“チーズ大福”が静かな人気！,岩内町万代47番地4,■定休日：4/21～10月は無休、11月～4/20は毎月曜日（祝日の時は翌日）、年末年始（12/31～1/5）■営業時間：4月～10月／9：00～18：00、11月～3月／9：00～17：30
祝津パノラマ展望台,北・東・西の三方位に海を臨める、朝日も夕陽も楽しめる絶景ポイント,小樽市祝津3丁目,無休　※冬期は積雪状態による
南樽市場,小樽市民御用達の市場。今日のメニューは市場で決めよう！,小樽市新富町12番1号,日曜日・9:00～18:30
小樽公園,約900本もの桜が咲き、5月上旬～中旬は圧巻！,小樽市花園5,なし
ほたるん公園,夏にはホタルが舞う公園。プリンを持って、ティータイム,小樽市朝里川温泉2丁目676周辺,無休(冬期閉鎖)
小樽天狗山ロープウェイ,JR小樽駅から車で約15分！市内を一望できる絶景スポット,小樽市最上2丁目16-15,2016年11月19日(土)～12月9日(金)・9：30～21：002016年12月10日(土)～2017年3月26日(日)・9：00～21：00
クラフト＆ギャラリー　道里夢,小さなお子様も大歓迎！マグカップやお茶碗など作れる陶芸体験ができます！,蘭越町吉国38-5,営業時間：9：00～17：00(日没まで)定休日：不定休
紅葉の滝,秋には色鮮やかな広葉樹と滝からの水しぶきが重なり絶景！,蘭越町新見,冬季閉鎖
オスコイ！かもえない（道の駅）,日本海の絶景がすぐそこに見える道の駅おいしい水産加工品が豊富です,神恵内村大字赤石村字大森292-1,定休日／12月～3月休館(トイレ利用可)、開館期間中無休営業時間／9：00～17：00
定山源泉公園,源泉に親しめる定山渓名所が2017年7月にリニューアル！,札幌市南区定山渓温泉東3丁目,定休日／無休営業時間／7：00～21：00
白糸の滝,初夏から秋まで、自然と共に様々な表情を見せてくれる小さな滝,札幌市南区定山渓温泉東2丁目,12月～4月上旬は休止（定山渓発電所冬期渇水停止のため）
札幌ら～めん共和国,厳選の北海道ラーメンが集結！どれを選んでも間違いなし！,北海道札幌市中央区北5条西2丁目エスタ10階,年中無休11:00～22:00（ラストオーダー21:45）※年末年始は営業時間が変更になる場合もあります。
ノースサファリサッポロ,70種類以上の動物と触れ合えたり、エサをあげることができる動物園。お子さまに大人気のカピバラやウサギ、カワウソなども！,札幌市南区豊滝496-1,(ノースサファリサッポロ営業案内)動物園は2018年1月6日～1月21日毎日営業、以降4月1日まで土日祝日のみ営業アクティビティは3月21日まで毎日営業4月2日～4月24日メンテナンスの為休園4月28日～夏季営業開始※詳細はＨＰをご確認ください
スノーベリーファーム,おいしいイチゴが食べ放題！完熟イチゴのもぎたての味わいを満喫しよう,札幌市南区豊滝130,営業時間：9：00～16：00(受付～15：00)定休日：月・火・水・木・金(季節によって平日も営業しています)
札幌観光幌馬車,30年余年、札幌市民に愛されてきた銀太くんの幌馬車で、のんびり名所観光,札幌市中央区大通4丁目乗り場,運行期間：4月末～11月3日(雨天中止)水曜日10：00～16：00、9月～11月は15：00まで昼休み12：00～13：00　　
サッポロ さとらんど　(農業体験交流施設),自然と農業に触れる、楽しい・おいしい“田園テーマパーク”,札幌市東区丘珠町584-2,営業期間：4月29日～11月3日／無休、11月4日～4月28日／月曜(祝日の場合はその翌日)、年末年始(12月29～1月3日)営業時間：4月29日～9月30日／9:00～18:00、10月1日～4月28日／9:00～17:00　
札幌市天文台,天文台の一般夜間公開で星座や惑星を観る。天文に詳しくなくても大丈夫,札幌市中央区中島公園1-17,公開時間：10：00～12：00、14：00～16：00休館日：月曜、火曜午後、祝日の翌日、年末年始夜間公開：20：00～22：00(4月～8月)　　　　　19：00～21：00(3月・9月・10月) 　　　　　18:00～20：00(11月～2月)
札幌市青少年科学館,北海道の特色を体験しながら学べる！大人も夢中になれる科学体験ワールド,札幌市厚別区厚別中央1条5丁目2-20,月曜、毎月最終火曜日、祝日の翌日、年末年始・9:00～17:00(5月～9月)、9:30～16:30(10月～4月)
さっぽろうぉ～く（循環型路線バス）,札幌市内観光は、お財布にも環境にもやさしい循環型路線バスがおすすめ,札幌駅前バスターミナル、札幌駅前,さっぽろうぉ～く／毎日6:50～22:50まで概ね20分間隔で運行
さっぽろ羊ヶ丘展望台,クラーク博士と同じポーズで、ハイ・チーズ！札幌の記念写真スポットの定番です,札幌市豊平区羊ヶ丘1,■定休日なし■営業時間5～6月／8:30～18:00　7～8月／8:30～19:00　9月／8：30～18：0010～4月／9:00～17:00
Steven's Stable　(乗馬),外国人ガイドと海外でトレッキングしている気分を味わおう！,札幌市西区小別沢149,営業時間：10:00～日没まで定休日：月曜日
サッポロファクトリー,札幌の歴史と先端を象徴する巨大なショッピングモール,札幌市中央区北2条東4丁目,営業時間：ショッピング10:00～20:00　レストラン11:00～22:00一部店舗異なる定休日：不定休
札幌市時計台(旧札幌農学校演武場)  (重要文化財),札幌の歴史を刻み続けてきた時計台の息づかいを感じてください,札幌市中央区北1条西2丁目1－1,・定休日：年始（1月1日～1月3日）・営業時間　8：45～17：10(入館は17：00まで)
渡辺淳一文学館,ベストセラー作家・渡辺淳一自身が展示内容を構成・企画した文学館,札幌市中央区南12条西6丁目414,営業時間／9：00～18：00（11月～3月は17：30）※最終入館は閉館の30分前定休日／月曜日（祝日の場合は翌平日）
大通公園,都市の真ん中に花々と水辺があり、のんびり憩える公園がある。札幌の自慢です,札幌市中央区大通西1～12丁目,休園日なし・24時間開園
札幌Skyクルージング　(遊覧飛行),空の上の爽快札幌散歩。大感動のパノラマビューが待っています,札幌市東区丘珠町63　札幌丘珠空港内,営業時間：4月～10月　9：00～17：00(着陸)11月～3月　9：00～16：00(着陸)定休日：なし
本郷新記念 札幌彫刻美術館,あなたが旅先の名所で何気なく観ていた彫刻は、 本郷新の作品かもしれません,札幌市中央区宮の森4条12丁目,営業時間：10:00～17:00(入館16:30まで)定休日：月曜日(祝日の場合翌日)年末年始・展示換え期間
豊平峡ダム（紅葉）,眼下に広がる定山湖と色鮮やかな木々の景観美を楽しめます,札幌市南区定山渓840番地先,営業期間／2016年5月1日（日）～11月3日（木祝）営業時間／8：45～16：00
ビッセスイーツ,道内の人気スイーツ6店舗が大集合した至福の空間,札幌市中央区大通西3丁目　大通ビッセ1階,10：00～21：00
